date,waypoint,incident_type,triggered,precip_mm_24h,peak_hr_rainfall_mm,soil_moisture,wind_max_kmph,temp_max_c,temp_min_c,mean_humidity_pct,slope,elevation_m,is_monsoon
2022-06-17,Nongpoh,LANDSLIDE,1,50.4,7.1,0.5086,10.0,25.6,21.3,95.2,6,870,1
2022-07-01,Kohima,LANDSLIDE,1,40.7,15.4,0.506,8.6,24.3,16.8,90.1,7,1444,1
2022-07-14,Aizawl,LANDSLIDE,1,7.3,5.0,0.3211,9.3,33.0,19.3,81.1,8,1132,1
2022-07-22,Shillong,LANDSLIDE,1,13.6,7.2,0.4912,13.3,25.6,19.3,87.2,7,1496,1
2022-08-05,Silchar,FLOOD,1,18.8,9.4,0.4873,14.1,32.8,26.4,84.1,3,29,1
2022-08-07,Silchar,FLOOD,1,14.7,7.0,0.4807,15.1,34.2,24.8,85.2,3,29,1
2022-08-10,Silchar,FLOOD,1,2.2,1.2,0.4783,7.6,33.0,26.1,84.6,3,29,1
2022-06-19,Bomdila,LANDSLIDE,1,39.2,8.2,0.4256,5.2,15.3,11.7,97.4,7,2217,1
2022-07-30,Sela Pass,LANDSLIDE,1,11.5,5.0,0.4075,9.2,10.1,1.1,91.0,9,4170,1
2022-09-12,Rangpo,FLOOD,1,10.6,2.1,0.4015,4.4,28.4,22.2,89.0,6,325,1
2022-09-04,Gangtok,LANDSLIDE,1,41.8,6.2,0.4292,5.4,22.0,16.4,94.3,7,1650,1
2023-05-15,Kohima,LANDSLIDE,1,24.8,5.1,0.504,10.0,22.5,14.3,85.0,7,1444,1
2023-06-04,Nongpoh,LANDSLIDE,1,0.9,0.9,0.3348,15.1,32.2,23.1,66.8,6,870,1
2023-06-29,Aizawl,LANDSLIDE,1,0.4,0.2,0.3197,13.2,28.6,18.4,75.9,8,1132,1
2023-07-10,Imphal,FLOOD,1,5.8,2.8,0.4816,12.4,27.5,22.4,86.1,5,786,1
2023-07-20,Dimapur,FLOOD,1,15.8,6.8,0.489,7.6,33.7,25.8,83.1,3,271,1
2023-08-01,Bomdila,LANDSLIDE,1,1.4,0.3,0.4025,13.0,21.4,12.7,84.0,7,2217,1
2023-08-14,Sela Pass,LANDSLIDE,1,2.0,0.7,0.4042,8.4,11.3,0.7,89.2,9,4170,1
2023-09-02,Gangtok,LANDSLIDE,1,1.7,1.5,0.393,5.8,24.5,16.7,89.8,7,1650,1
2023-09-18,Rangpo,FLOOD,1,0.9,0.5,0.359,7.2,33.1,22.1,81.3,6,325,1
2023-06-15,Shillong,LANDSLIDE,1,11.0,1.5,0.5022,30.6,23.7,19.2,89.0,7,1496,1
2023-10-03,Tawang,LANDSLIDE,1,0.7,0.3,0.3639,7.9,17.3,8.9,84.6,8,2669,1
2024-05-22,Kohima,LANDSLIDE,1,0.8,0.6,0.4832,9.0,25.7,16.5,77.5,7,1444,1
2024-06-10,Aizawl,LANDSLIDE,1,1.6,0.4,0.3195,10.9,28.8,20.5,78.6,8,1132,1
2024-06-25,Nongpoh,LANDSLIDE,1,5.0,1.1,0.4959,9.7,30.1,23.5,88.6,6,870,1
2024-07-03,Silchar,FLOOD,1,24.6,13.4,0.5021,12.9,31.6,25.6,89.2,3,29,1
2024-07-17,Bomdila,LANDSLIDE,1,43.3,14.7,0.4258,6.8,19.7,13.7,95.3,7,2217,1
2024-08-09,Sela Pass,LANDSLIDE,1,5.3,2.8,0.4118,11.0,10.1,2.4,91.6,9,4170,1
2024-08-21,Gangtok,FLOOD,1,3.4,2.0,0.3916,4.8,23.5,16.6,90.6,7,1650,1
2024-09-05,Dimapur,FLOOD,1,7.4,3.6,0.4895,9.1,31.5,24.6,86.8,3,271,1
2024-09-22,Imphal,FLOOD,1,0,0.0,0.332,8.6,31.5,22.2,77.4,5,786,1
2022-10-15,Sela Pass,LANDSLIDE,1,0,0.0,0.2965,8.0,8.1,-5.3,70.7,9,4170,1
2023-04-05,Tawang,LANDSLIDE,1,7.4,1.8,0.4171,6.5,9.6,3.4,88.2,8,2669,0
2024-03-18,Bhalukpong,LANDSLIDE,1,0,0.0,0.1669,16.8,31.1,17.0,52.2,5,210,0
2023-03-25,Gangtok,NONE,0,17.6,3.3,0.4188,5.9,16.8,8.7,87.3,7,1650,0
2024-11-08,Jorhat,NONE,0,0,0.0,0.4183,7.5,27.2,18.3,85.2,2,116,0
2024-03-05,Guwahati,NONE,0,0,0.0,0.3161,22.0,29.0,15.3,57.7,1,52,0
2024-08-12,Agartala,NONE,0,1.9,0.7,0.493,14.1,31.2,25.1,86.8,4,55,1
2023-02-18,Agartala,NONE,0,0,0.0,0.3013,8.0,29.1,14.5,64.5,4,55,0
2024-01-15,Silchar,NONE,0,0,0.0,0.3443,8.6,23.8,13.2,86.8,3,29,0
2024-03-05,Dibrugarh,NONE,0,7.3,1.4,0.4751,14.8,23.9,17.0,83.8,3,111,0
2023-11-14,Jorhat,NONE,0,0,0.0,0.2964,10.0,28.4,15.5,80.6,2,116,0
2024-02-10,Tawang,NONE,0,0,0.0,0.3143,8.9,5.7,-16.5,63.1,8,2669,0
2022-01-10,Jorhat,NONE,0,0,0.0,0.2878,9.2,24.6,13.0,76.9,2,116,0
2024-06-18,Siliguri,NONE,0,28.0,5.7,0.4232,13.5,29.2,23.7,91.0,1,122,1
2023-11-14,Tezpur,NONE,0,0,0.0,0.2821,11.3,29.1,17.0,70.4,2,48,0
2022-08-15,Guwahati,NONE,0,2.8,1.0,0.4851,10.2,32.5,26.0,83.8,1,52,1
2022-07-05,Guwahati,NONE,0,4.0,2.1,0.475,10.8,33.7,25.4,80.0,1,52,1
2022-11-20,Jorhat,NONE,0,0,0.0,0.3053,10.0,26.5,12.5,80.5,2,116,0
2023-03-25,Silchar,NONE,0,0.1,0.1,0.45,14.8,29.8,17.2,82.7,3,29,0
2022-01-10,Agartala,NONE,0,0,0.0,0.2954,8.4,26.2,13.0,76.4,4,55,0
2023-01-08,Sela Pass,NONE,0,0,0.0,0.2303,7.4,0.1,-12.0,42.2,9,4170,0
2022-11-20,Rangpo,NONE,0,0,0.0,0.2001,6.3,26.7,12.1,60.7,6,325,0
2024-11-08,Guwahati,NONE,0,0,0.0,0.3646,10.3,27.2,18.0,79.1,1,52,0
2022-12-15,Siliguri,NONE,0,0,0.0,0.1328,10.7,24.6,15.1,69.8,1,122,0
2024-03-05,Shillong,NONE,0,0,0.0,0.3293,16.7,21.2,9.6,62.0,7,1496,0
2023-02-18,Gangtok,NONE,0,4.1,1.2,0.3497,6.8,19.0,5.5,67.7,7,1650,0
2023-02-18,Tezpur,NONE,0,0,0.0,0.3087,9.0,28.9,15.4,69.0,2,48,0
2023-11-14,Silchar,NONE,0,0,0.0,0.2844,7.9,31.8,16.9,74.2,3,29,0
2023-02-18,Bhalukpong,NONE,0,0,0.0,0.2003,8.4,28.1,14.0,61.0,5,210,0
2023-07-25,Siliguri,NONE,0,8.4,3.4,0.4045,5.4,32.4,25.1,79.2,1,122,1
2022-02-05,Dimapur,NONE,0,24.7,4.7,0.5075,20.0,20.2,12.6,87.8,3,271,0
2022-11-20,Guwahati,NONE,0,0,0.0,0.3012,9.6,27.1,12.6,70.0,1,52,0
2023-03-25,Nongpoh,NONE,0,0.5,0.2,0.4178,13.0,25.3,14.1,74.8,6,870,0
2022-11-20,Gangtok,NONE,0,0,0.0,0.3659,7.2,18.5,6.2,65.3,7,1650,0
2024-02-10,Kohima,NONE,0,0,0.0,0.464,9.0,16.9,5.3,77.1,7,1444,0
2022-03-12,Rangpo,NONE,0,0,0.0,0.2461,8.0,29.9,13.3,53.3,6,325,0
2023-01-08,Nongpoh,NONE,0,0,0.0,0.3214,9.6,22.8,11.8,77.9,6,870,0
2023-02-18,Silchar,NONE,0,0,0.0,0.2651,12.9,29.7,16.3,62.3,3,29,0
2023-12-20,Kohima,NONE,0,0,0.0,0.4319,7.9,18.3,5.6,75.4,7,1444,0
2024-12-12,Gangtok,NONE,0,0,0.0,0.3827,10.4,14.3,2.6,66.0,7,1650,0
2022-01-10,Gangtok,NONE,0,27.2,5.2,0.4065,5.3,13.7,5.7,87.0,7,1650,0
2022-02-05,Aizawl,NONE,0,5.9,1.5,0.2742,14.8,16.6,7.4,79.8,8,1132,0
2023-01-08,Jorhat,NONE,0,0,0.0,0.3941,9.3,22.6,11.1,88.6,2,116,0
2023-01-08,Imphal,NONE,0,0,0.0,0.2713,6.9,23.5,8.4,64.0,5,786,0
2024-11-08,Kohima,NONE,0,0,0.0,0.4509,8.7,20.1,10.6,85.0,7,1444,0
2022-08-15,Agartala,NONE,0,1.9,0.9,0.4299,15.5,32.3,25.1,81.6,4,55,1
2022-01-10,Nagaon,NONE,0,0,0.0,0.2886,6.6,25.5,14.5,72.5,2,55,0
2024-03-05,Bhalukpong,NONE,0,1.5,0.3,0.2217,23.1,27.1,16.8,70.8,5,210,0
2023-02-18,Tawang,NONE,0,0.5,0.3,0.4084,6.1,8.5,-6.7,77.7,8,2669,0
2022-12-15,Dibrugarh,NONE,0,0,0.0,0.3224,8.9,23.7,16.0,75.0,3,111,0
2022-01-10,Aizawl,NONE,0,0,0.0,0.161,6.3,21.9,4.9,66.5,8,1132,0
2023-07-25,Nagaon,NONE,0,14.8,3.7,0.495,13.3,33.1,25.4,85.5,2,55,1
2024-12-12,Tawang,NONE,0,0,0.0,0.3295,6.8,7.8,-4.0,70.2,8,2669,0
2023-12-20,Dimapur,NONE,0,0,0.0,0.4255,8.0,22.5,11.1,83.9,3,271,0
2023-03-25,Imphal,NONE,0,0,0.0,0.2985,17.9,27.2,12.0,67.1,5,786,0
2023-12-20,Shillong,NONE,0,0,0.0,0.3956,8.1,17.6,6.3,64.6,7,1496,0
2024-11-08,Nagaon,NONE,0,0,0.0,0.4088,9.2,28.0,18.3,85.0,2,55,0
2022-02-05,Nagaon,NONE,0,13.2,2.6,0.4952,15.7,18.3,10.5,89.1,2,55,0
2024-03-05,Silchar,NONE,0,0,0.0,0.3211,14.5,28.2,15.7,72.6,3,29,0
2023-03-25,Dimapur,NONE,0,0,0.0,0.4065,12.2,28.3,15.3,80.0,3,271,0
2022-11-20,Siliguri,NONE,0,0,0.0,0.1517,9.2,27.3,17.2,53.7,1,122,0
2024-11-08,Rangpo,NONE,0,0,0.0,0.2881,6.2,27.4,15.9,81.1,6,325,0
2023-03-25,Jorhat,NONE,0,0,0.0,0.4775,12.2,26.6,14.9,83.6,2,116,0
2024-11-08,Siliguri,NONE,0,0.6,0.2,0.2448,9.3,27.8,20.4,70.2,1,122,0
2022-12-15,Gangtok,NONE,0,5.5,0.9,0.3727,8.4,15.6,7.2,84.2,7,1650,0
2023-12-20,Bhalukpong,NONE,0,0,0.0,0.1677,12.2,24.1,13.2,50.3,5,210,0
2023-11-14,Imphal,NONE,0,0,0.0,0.2612,8.4,27.2,11.1,63.2,5,786,0
2023-12-20,Nongpoh,NONE,0,0,0.0,0.3208,11.2,22.8,11.4,67.8,6,870,0
2024-02-10,Imphal,NONE,0,0,0.0,0.319,9.5,22.8,6.2,63.5,5,786,0
2022-11-20,Imphal,NONE,0,0,0.0,0.2469,8.7,27.8,11.5,54.0,5,786,0
2022-11-20,Silchar,NONE,0,0,0.0,0.262,9.3,31.0,15.1,67.1,3,29,0
2023-06-20,Agartala,NONE,0,1.3,0.3,0.4833,16.9,33.2,25.9,83.0,4,55,1
2024-12-12,Nagaon,NONE,0,0,0.0,0.415,5.6,23.9,13.4,81.0,2,55,0
2024-11-08,Nongpoh,NONE,0,0.1,0.1,0.396,9.9,25.0,16.8,77.1,6,870,0
2024-01-15,Gangtok,NONE,0,0,0.0,0.2808,7.9,14.9,3.2,59.2,7,1650,0
2022-03-12,Tawang,NONE,0,0,0.0,0.4169,10.3,10.1,-5.0,66.6,8,2669,0
2024-11-08,Bhalukpong,NONE,0,0,0.0,0.2803,7.0,26.0,17.2,77.2,5,210,0
2023-02-18,Siliguri,NONE,0,0,0.0,0.1308,8.2,28.7,19.0,55.7,1,122,0
2024-06-18,Agartala,NONE,0,6.5,2.4,0.4879,26.5,30.2,26.0,87.2,4,55,1
2023-01-08,Rangpo,NONE,0,0,0.0,0.1678,7.2,25.6,8.1,52.7,6,325,0
2022-11-20,Kohima,NONE,0,0,0.0,0.3698,9.5,20.3,9.2,63.7,7,1444,0
2023-02-18,Nagaon,NONE,0,0,0.0,0.2761,8.7,30.1,17.2,65.0,2,55,0
2024-11-08,Silchar,NONE,0,0,0.0,0.3591,12.6,29.4,19.6,72.7,3,29,0
2022-03-12,Tezpur,NONE,0,0,0.0,0.2498,9.7,33.0,18.0,54.2,2,48,0
2023-11-14,Guwahati,NONE,0,0,0.0,0.3153,10.8,28.9,15.8,76.0,1,52,0
2024-11-08,Aizawl,NONE,0,0,0.0,0.234,8.4,24.6,11.0,78.5,8,1132,0
2023-02-18,Nongpoh,NONE,0,0,0.0,0.2819,15.5,26.2,13.8,63.8,6,870,0
2024-11-08,Shillong,NONE,0,0,0.0,0.4172,9.2,19.7,14.9,69.1,7,1496,0
2023-12-20,Dibrugarh,NONE,0,0,0.0,0.3222,8.4,23.8,11.8,77.1,3,111,0
2022-03-12,Gangtok,NONE,0,0,0.0,0.3183,8.1,21.1,6.8,51.9,7,1650,0
2024-01-15,Jorhat,NONE,0,0,0.0,0.2829,6.1,23.0,11.6,86.0,2,116,0
2024-01-15,Bhalukpong,NONE,0,0,0.0,0.1587,9.9,23.2,11.7,50.4,5,210,0
2022-11-20,Bomdila,NONE,0,0,0.0,0.3475,7.3,11.8,-0.9,69.8,7,2217,0
2022-12-15,Dimapur,NONE,0,0,0.0,0.2759,8.6,24.6,13.8,78.9,3,271,0
2022-02-05,Bhalukpong,NONE,0,22.9,5.6,0.3573,13.0,17.0,12.2,83.1,5,210,0
2024-02-10,Siliguri,NONE,0,0,0.0,0.1875,8.7,24.7,12.3,60.3,1,122,0
2024-11-08,Bomdila,NONE,0,0.3,0.1,0.3591,7.7,13.9,4.4,89.4,7,2217,0
2023-12-20,Bomdila,NONE,0,0,0.0,0.3356,7.0,11.4,1.1,64.2,7,2217,0
2022-12-15,Kohima,NONE,0,0.3,0.1,0.339,10.7,17.2,6.6,85.0,7,1444,0
2023-11-14,Agartala,NONE,0,0,0.0,0.3008,9.0,30.4,18.2,72.7,4,55,0
2023-11-14,Rangpo,NONE,0,0,0.0,0.2059,7.6,28.7,13.1,69.7,6,325,0
2022-11-20,Bhalukpong,NONE,0,0,0.0,0.2493,11.6,26.0,13.1,65.4,5,210,0
2024-02-10,Bhalukpong,NONE,0,0,0.0,0.2509,11.5,23.5,12.0,58.6,5,210,0
2022-02-05,Kohima,NONE,0,17.0,4.5,0.4969,5.9,14.7,6.7,84.8,7,1444,0
2022-03-12,Sela Pass,NONE,0,0,0.0,0.3833,10.1,4.1,-10.8,60.9,9,4170,0
